date,kind,prediction,result,source
2026-10-02,prediction,SPY 收盘涨幅在 0% 到 +1.0%,hit,https://www.cnbc.com/2026/10/01/stock-market-today-live-updates-.html
2026-10-02,prediction,10 年期美债收益率收盘高于 5.20%,hit,https://www.cnbc.com/2026/10/02/treasury-yields-bonds-nonfarm-payrolls.html
2026-10-02,direction,偏多,hit,https://www.cnbc.com/2026/10/01/stock-market-today-live-updates-.html
2026-10-05,prediction,SPY 收盘涨跌幅在 ±0.5% 以内,miss,https://www.cnbc.com/2026/10/04/stock-market-today-live-updates.html
2026-10-05,prediction,10 年期美债收益率收盘不低于 5.20%,hit,https://www.cnbc.com/2026/10/05/treasury-yields-bonds-fed-rates.html
2026-10-05,direction,中性,miss,https://www.cnbc.com/2026/10/04/stock-market-today-live-updates.html
2026-10-06,prediction,SPY 今天收盘上涨,hit,https://www.cnbc.com/2026/10/05/stock-market-today-live-updates.html
2026-10-06,prediction,10 年期美债收益率收盘低于 5.311%,hit,https://www.cnbc.com/2026/10/06/treasury-yields-fed-fomc-minutes.html
2026-10-06,direction,偏多,hit,https://www.cnbc.com/2026/10/05/stock-market-today-live-updates.html
2026-10-07,prediction,10 年期美债收益率收盘高于 5.30%,na,https://www.cnbc.com/2026/10/07/treasury-yields-auction-fomc-minutes.html
2026-10-07,prediction,SPY 收盘下跌,hit,journal/snapshot.json 16:55 ET
2026-10-07,direction,偏空,hit,journal/snapshot.json 16:55 ET
2026-10-08,prediction,SPY 今天收盘下跌,hit,journal/snapshot.json 16:55 ET
2026-10-08,prediction,10 年期美债收益率收盘不低于 5.30%,miss,https://www.cnbc.com/2026/10/08/us-treasury-yields-30-year-bond-auction.html
2026-10-08,direction,偏空,hit,journal/snapshot.json 16:55 ET
2026-10-09,prediction,SPY 今天收盘上涨,hit,journal/snapshot.json 16:55 ET
2026-10-09,prediction,SPY 收盘涨跌幅在 ±1% 以内,hit,journal/snapshot.json 16:55 ET
2026-10-09,direction,偏多,hit,journal/snapshot.json 16:55 ET
